region,customer_segment,channel,order_value
East,High-Value,Online,253.13
East,Budget,Online,88.98
South,High-Value,Online,217.43
North,Standard,In-Store,98.81
North,Standard,Mobile,167.73
East,Standard,Online,122.22
West,Standard,Online,176.15
East,Budget,In-Store,59.95
East,Budget,Online,27.94
East,Budget,In-Store,36.85
East,High-Value,Online,235.2
North,High-Value,Online,284.88
East,Standard,Online,125.95
West,Standard,In-Store,112.52
North,Budget,Online,22.56
East,Standard,In-Store,136.68
West,Budget,Online,79.12
South,Standard,Mobile,104.1
West,Standard,In-Store,52.97
South,Standard,Online,152.55
East,Standard,In-Store,108.2
North,Budget,In-Store,40.52
North,High-Value,Online,198.85
South,High-Value,Online,169.98
West,Standard,Mobile,112.94
East,Standard,In-Store,87.38
South,Standard,Online,85.26
West,Budget,Online,71.28
East,High-Value,Mobile,234.29
East,Standard,Online,101.64
West,Standard,Mobile,109.33
South,High-Value,Mobile,199.24
West,Budget,Online,99.23
West,High-Value,In-Store,216.6
North,Budget,Mobile,71.36
East,Standard,Mobile,126.52
South,Standard,In-Store,83.7
South,Budget,In-Store,34.22
South,Standard,Online,118.1
East,Standard,Online,146.91
North,Standard,Online,186.18
North,Standard,In-Store,71.54
North,High-Value,Mobile,183.85
West,Budget,Online,53.77
North,Standard,In-Store,59.86
East,Budget,Online,65.98
South,Standard,Mobile,99.89
South,Standard,Online,132.51
North,Budget,In-Store,61.59
North,Budget,Mobile,40.99
West,Budget,Mobile,64.7
North,Standard,Online,164.91
South,Budget,Online,61.0
South,Budget,Mobile,33.77
East,Budget,Online,46.29
East,Standard,In-Store,146.69
North,Standard,In-Store,107.71
West,High-Value,Online,228.43
East,Standard,Online,166.01
North,Standard,In-Store,134.59
South,Standard,In-Store,98.75
East,Standard,Online,111.91
East,Standard,Online,120.14
South,Budget,Mobile,44.07
North,Standard,Online,194.17
West,Standard,Online,99.54
West,Budget,In-Store,67.83
North,Budget,Online,63.69
East,Budget,Online,66.41
East,Standard,In-Store,97.1
East,Standard,In-Store,87.71
West,Budget,Online,84.8
South,Standard,Online,119.37
South,Budget,In-Store,24.65
South,High-Value,Online,301.26
East,Budget,In-Store,25.42
North,High-Value,Online,339.82
West,Budget,Online,43.01
North,High-Value,Mobile,266.22
East,High-Value,Mobile,181.46
West,Budget,Mobile,57.85
East,Standard,Mobile,101.01
West,Budget,Mobile,52.06
North,Budget,Mobile,88.07
North,Budget,In-Store,40.51
North,High-Value,Online,352.45
South,Budget,Mobile,45.98
South,Budget,In-Store,60.81
West,High-Value,Mobile,269.54
South,High-Value,In-Store,249.97
East,Standard,In-Store,67.86
East,Standard,In-Store,88.41
North,Budget,In-Store,44.83
East,Standard,Online,71.53
East,Standard,Online,147.64
South,Standard,In-Store,57.67
South,Standard,Online,54.6
East,Budget,In-Store,60.37
South,Standard,Online,107.06
East,Standard,In-Store,113.21
South,Standard,In-Store,116.5
North,High-Value,In-Store,156.92
East,Standard,Mobile,105.28
North,High-Value,Online,185.08
North,Standard,Mobile,142.3
East,High-Value,In-Store,196.45
South,Standard,In-Store,121.12
West,High-Value,In-Store,191.2
North,Budget,In-Store,60.19
West,Standard,Mobile,116.73
East,Budget,In-Store,72.06
East,Budget,In-Store,36.22
West,Standard,Mobile,109.0
South,Standard,In-Store,61.27
West,Standard,In-Store,93.04
South,Standard,Online,125.31
East,High-Value,Online,214.08
North,Standard,In-Store,62.63
South,Standard,In-Store,108.9
East,Budget,Mobile,40.76
South,High-Value,Online,229.95
West,Standard,In-Store,48.21
East,Standard,Online,126.13
North,Standard,In-Store,124.99
South,High-Value,In-Store,204.18
North,Standard,In-Store,123.82
North,Standard,Online,121.71
South,Standard,Online,116.18
West,Standard,Mobile,120.6
North,High-Value,In-Store,171.72
West,Standard,In-Store,101.19
West,Budget,Online,36.08
North,High-Value,Online,231.02
North,Standard,Mobile,82.96
North,Standard,In-Store,133.43
West,High-Value,Online,313.45
South,Standard,Mobile,68.28
North,Standard,In-Store,122.71
North,Budget,Mobile,50.64
West,Budget,Online,57.34
South,Standard,In-Store,62.94
West,High-Value,Mobile,292.62
East,Budget,In-Store,24.82
West,Standard,Mobile,127.93
East,Standard,In-Store,87.88
West,Budget,Online,48.16
West,Standard,In-Store,76.76
North,Budget,Online,53.65
North,Budget,Online,88.48
South,High-Value,Mobile,157.14
North,Budget,In-Store,50.67
East,Standard,Mobile,64.84
North,Standard,In-Store,87.7
South,Standard,In-Store,111.97
East,Standard,In-Store,87.76
North,High-Value,Online,303.83
East,Budget,Online,64.34
East,Budget,In-Store,60.19
South,High-Value,Online,232.04
North,Standard,Online,152.55
West,Standard,In-Store,127.88
South,Budget,In-Store,61.16
South,Standard,Online,178.32
South,Budget,In-Store,52.43
North,Standard,Online,157.13
South,Budget,Online,74.73
West,Standard,Mobile,115.35
South,Standard,Mobile,129.72
West,Standard,In-Store,64.56
West,Standard,Online,93.13
East,High-Value,Online,243.13
South,Standard,Online,114.95
North,Budget,In-Store,27.79
West,Budget,In-Store,53.41
East,Budget,In-Store,26.26
West,Budget,Online,55.46
North,Standard,In-Store,80.48
North,Standard,In-Store,90.4
West,Standard,In-Store,100.4
South,Standard,Online,117.94
North,Budget,Mobile,19.89
West,Standard,Online,90.82
North,Budget,In-Store,30.32
North,Standard,In-Store,54.12
South,High-Value,Online,194.05
West,Standard,In-Store,124.97
South,Budget,Mobile,34.2
South,Standard,Mobile,91.25
South,Standard,Mobile,82.65
South,High-Value,Online,180.3
West,Standard,Mobile,120.26
West,Standard,In-Store,123.06
North,Budget,In-Store,50.09
East,Standard,Online,137.58
West,Budget,In-Store,67.06
South,Budget,In-Store,59.05
South,Budget,Mobile,50.62
South,Budget,In-Store,58.97
West,Budget,Online,67.87
West,Standard,Mobile,82.61
South,Standard,In-Store,110.29
North,Standard,Online,131.74
East,Standard,In-Store,83.66
East,Standard,Online,137.46
West,High-Value,In-Store,169.83
South,Standard,Mobile,55.99
West,Standard,Online,83.93
West,Budget,In-Store,46.98
East,Standard,In-Store,62.3
North,Standard,Mobile,138.07
South,Standard,In-Store,110.45
West,Standard,Online,76.56
East,Budget,Mobile,58.28
East,Budget,Mobile,53.83
East,Standard,Online,79.37
South,Standard,Mobile,62.04
North,Budget,Online,58.15
East,Standard,Mobile,115.42
North,High-Value,Mobile,205.96
West,High-Value,In-Store,169.83
South,Standard,Online,134.64
East,High-Value,In-Store,107.06
South,Standard,In-Store,71.08
West,High-Value,Online,269.51
South,Standard,In-Store,25.73
South,Budget,In-Store,24.53
South,Standard,In-Store,85.27
East,Standard,Mobile,96.68
South,Budget,In-Store,31.81
East,Standard,In-Store,115.62
East,Budget,In-Store,60.99
South,Standard,In-Store,67.92
East,High-Value,Online,239.53
North,Standard,Mobile,97.56
East,Budget,Mobile,51.21
South,Budget,In-Store,66.66
South,High-Value,Mobile,265.4
West,Budget,Mobile,88.46
West,Budget,Online,63.8
East,Standard,In-Store,86.36
East,Standard,Mobile,116.7
North,High-Value,Mobile,222.89
East,Budget,Online,90.93
West,Standard,In-Store,111.53
North,Budget,Online,57.06
West,High-Value,In-Store,189.79
East,Budget,Mobile,29.84
North,Standard,Online,158.44
South,Standard,Mobile,123.24
South,Budget,Mobile,52.81
North,Standard,In-Store,122.1
South,High-Value,Online,222.04
West,Standard,In-Store,74.46
North,Budget,Online,45.25
North,Standard,Online,134.14
North,Budget,Online,52.57
North,Budget,Online,72.97
North,Standard,Online,117.67
East,High-Value,Online,248.8
South,High-Value,Online,195.44
East,Standard,In-Store,51.4
East,High-Value,In-Store,189.29
West,High-Value,Mobile,256.4
South,Budget,Online,41.6
South,Standard,In-Store,38.71
North,High-Value,In-Store,203.31
North,Standard,In-Store,78.05
West,Standard,In-Store,88.23
East,High-Value,In-Store,211.44
West,Budget,Online,41.1
South,Standard,Online,85.69
North,Standard,In-Store,106.39
South,High-Value,Mobile,268.23
North,High-Value,In-Store,228.61
West,Standard,In-Store,74.93
North,Standard,In-Store,90.65
West,Budget,In-Store,66.07
South,Standard,Online,106.39
East,Standard,Online,136.2
West,Standard,Mobile,88.46
West,Budget,Mobile,37.19
North,Budget,Mobile,41.48
South,High-Value,In-Store,159.71
North,Budget,In-Store,62.11
South,High-Value,In-Store,226.58
North,Standard,Online,142.46
South,Budget,Mobile,44.13
North,High-Value,In-Store,191.12
East,Standard,In-Store,65.79
South,Budget,Online,58.66
South,Standard,In-Store,53.91
North,Standard,In-Store,102.08
North,Standard,Online,148.5
South,High-Value,In-Store,190.95
North,Standard,In-Store,52.15
West,High-Value,Mobile,220.36
North,High-Value,Mobile,270.18
East,Budget,In-Store,31.53
North,High-Value,Online,287.22
West,Budget,Online,38.13
West,Standard,In-Store,71.05
South,Standard,Online,109.71
North,Standard,Online,60.39
South,Budget,Mobile,47.84
West,Standard,Online,139.92
West,Standard,Online,166.46
West,Standard,Mobile,112.12
West,Standard,In-Store,68.76
East,Budget,In-Store,47.96
South,Standard,Online,122.71
North,Standard,Online,121.22
West,High-Value,Mobile,224.99
West,Standard,In-Store,65.29
West,Budget,In-Store,51.43
West,Standard,Online,108.2
North,High-Value,Mobile,235.03
South,Budget,In-Store,47.28
South,Standard,In-Store,99.76
North,Standard,Online,106.8
East,Budget,In-Store,51.65
North,High-Value,In-Store,184.48
East,Budget,Mobile,77.18
South,Standard,Online,70.18
East,Standard,In-Store,137.73
West,Standard,Online,140.93
East,Budget,In-Store,21.11
East,Standard,In-Store,71.1
South,High-Value,Online,248.01
West,Standard,Online,134.19
West,High-Value,Mobile,233.94
West,Budget,Online,46.29
North,Standard,Online,180.11
West,Budget,Mobile,64.11
South,Standard,Online,140.37
South,Standard,In-Store,60.43
South,Budget,In-Store,47.75
West,Standard,Mobile,140.78
South,Standard,In-Store,83.18
West,Budget,Mobile,63.22
East,Budget,In-Store,52.82
North,Budget,Mobile,51.32
South,Budget,Online,85.32
South,Budget,Online,41.88
North,High-Value,In-Store,209.1
North,Budget,Online,111.05
West,Standard,Mobile,121.47
North,Standard,Mobile,110.25
East,Standard,Online,104.53
North,Standard,Mobile,71.13
East,High-Value,Online,216.64
South,High-Value,In-Store,181.29
North,Budget,In-Store,33.71
North,Standard,Online,153.67
East,Standard,In-Store,108.7
East,High-Value,Mobile,256.75
East,Budget,In-Store,51.81
South,Standard,In-Store,101.73
North,Budget,Online,64.2
East,Standard,Mobile,102.81
North,Standard,Mobile,89.65
North,Budget,In-Store,42.44
West,High-Value,Mobile,161.8
South,Standard,Online,116.6
West,Standard,Mobile,117.91
East,Standard,Mobile,113.92
West,Budget,Online,79.56
North,Standard,Mobile,112.92
South,Budget,In-Store,15.57
South,Budget,In-Store,49.28
North,Standard,Mobile,71.35
East,Standard,Online,106.37
East,Standard,In-Store,73.69
South,High-Value,Mobile,114.47
South,Budget,Mobile,92.31
North,Standard,Online,147.71
West,High-Value,In-Store,134.9
West,High-Value,Online,260.58
South,Standard,In-Store,65.41
East,Budget,Online,61.93
East,Standard,In-Store,60.71
North,High-Value,In-Store,158.82
East,Standard,Online,120.18
South,Budget,Online,74.2
North,Budget,In-Store,40.85
West,Standard,Online,100.75
South,Standard,Online,63.88
East,Budget,Mobile,43.93
East,Budget,In-Store,14.97
North,Standard,Online,133.91
East,Standard,Mobile,99.14
East,Standard,Online,76.84
East,Standard,Mobile,201.64
West,High-Value,Mobile,190.31
East,Standard,Mobile,82.62
West,Standard,Online,158.79
West,High-Value,Online,240.71
North,High-Value,Online,251.7
West,Budget,Mobile,40.38
South,Standard,In-Store,98.32
East,Standard,Online,138.04
West,High-Value,In-Store,179.55
West,Standard,Mobile,73.31
North,High-Value,In-Store,147.09
West,Standard,In-Store,78.6
South,Standard,Online,145.53
West,Standard,Online,116.27
North,High-Value,In-Store,171.38
East,Standard,In-Store,91.5
East,Budget,Mobile,62.82
East,Standard,In-Store,105.85
South,Standard,Online,106.99
East,Standard,Mobile,130.03
North,Standard,In-Store,82.87
South,Standard,In-Store,119.0
South,High-Value,Mobile,95.49
North,Standard,Online,129.06
South,Budget,In-Store,27.11
West,Standard,Mobile,116.53
East,Budget,Online,41.02
North,Standard,Online,157.08
East,Budget,Online,87.12
North,Budget,Online,63.95
West,Standard,Mobile,110.82
East,Standard,Online,100.02
North,Standard,In-Store,66.43
East,Standard,In-Store,98.2
North,Budget,In-Store,45.41
West,Standard,In-Store,114.88
South,Budget,Online,34.98
East,Budget,In-Store,11.51
East,High-Value,In-Store,241.58
West,Standard,In-Store,86.02
East,High-Value,In-Store,129.58
North,Standard,Online,88.74
West,High-Value,Online,240.75
East,Standard,Mobile,118.85
West,Budget,In-Store,54.39
North,Standard,In-Store,104.15
East,Standard,Online,143.38
South,Budget,In-Store,36.59
East,Standard,In-Store,96.01
East,Standard,Mobile,123.47
South,Standard,Online,107.05
South,Budget,Mobile,37.33
South,High-Value,In-Store,101.32
West,Budget,Mobile,86.89
South,Standard,In-Store,72.35
South,Standard,Online,139.33
East,Budget,In-Store,57.15
East,Standard,In-Store,113.63
East,Standard,Online,79.21
North,Budget,Online,82.31
East,Budget,In-Store,70.44
South,High-Value,Mobile,166.99
South,Standard,Mobile,127.32
East,Budget,Mobile,63.47
West,High-Value,Mobile,265.02
West,Standard,In-Store,141.89
West,Budget,Mobile,56.74
East,High-Value,Mobile,205.99
South,Budget,In-Store,12.48
West,Standard,Online,128.85
North,High-Value,In-Store,196.84
East,Budget,In-Store,53.66
West,High-Value,Mobile,286.42
East,High-Value,In-Store,139.36
North,High-Value,Online,264.5
North,Budget,Mobile,71.22
South,Budget,Online,42.05
North,High-Value,Online,197.29
South,Standard,Mobile,93.56
North,Budget,Online,49.63
East,Standard,Online,148.45
East,Standard,In-Store,120.64
South,Standard,In-Store,88.68
West,Budget,Online,76.97
South,Budget,Online,51.38
East,Standard,In-Store,86.85
North,Standard,In-Store,111.5
East,High-Value,In-Store,196.29
West,Standard,In-Store,86.65
South,Budget,In-Store,43.94
South,Budget,In-Store,39.31
South,High-Value,Mobile,193.76
West,High-Value,Mobile,264.82
West,Budget,Mobile,58.48
East,Standard,Mobile,65.81
West,Standard,In-Store,126.6
East,Standard,In-Store,81.87
East,Standard,In-Store,101.53
North,High-Value,Online,240.36
East,Standard,Mobile,142.48
North,Standard,Online,180.98
North,Budget,In-Store,40.36
West,Budget,Online,65.37
North,Standard,In-Store,109.98
North,Budget,In-Store,50.52
West,High-Value,In-Store,215.33
South,Budget,In-Store,35.49
East,Standard,Online,156.76
North,Standard,Online,128.35
West,Budget,Mobile,60.7
East,Standard,In-Store,142.81
East,Budget,Online,52.57
South,High-Value,Online,229.43
West,Standard,In-Store,67.75
West,Budget,In-Store,64.98
North,Standard,Online,123.53
East,Budget,Mobile,73.64
North,Standard,In-Store,120.81
East,Budget,Online,62.12
East,Standard,Mobile,62.98
South,Budget,Online,97.38
North,Budget,In-Store,34.89
North,Standard,Online,168.02
West,Standard,In-Store,79.28
South,Standard,In-Store,75.76
West,Standard,Mobile,110.46
West,Standard,In-Store,79.06
North,Standard,Mobile,107.68
East,Standard,Online,105.89
West,Standard,In-Store,114.75
East,Standard,Mobile,141.78
South,High-Value,Mobile,187.56
North,Budget,In-Store,65.59
East,High-Value,Online,210.08
West,Budget,In-Store,48.57
West,Standard,In-Store,70.24
North,Standard,Online,95.89
East,Standard,In-Store,67.5
North,Standard,Online,106.0
West,High-Value,Mobile,214.0
East,Budget,Mobile,58.05
North,High-Value,In-Store,209.1
West,Standard,Online,103.54
East,Budget,Online,73.15
East,Budget,In-Store,59.33
North,Standard,In-Store,66.51
North,High-Value,Online,207.67
West,Standard,Mobile,110.28
North,Standard,Online,147.95
West,Standard,Online,187.55
North,Budget,Mobile,53.62
West,Standard,Mobile,107.48
East,Budget,In-Store,40.66
North,Standard,Mobile,122.39
South,Budget,Online,57.33
West,Budget,In-Store,39.47
West,High-Value,In-Store,207.24
West,Budget,Online,48.36
West,High-Value,Online,310.48
South,Budget,In-Store,42.06
East,Standard,Online,80.56
East,High-Value,Online,181.77
East,Standard,In-Store,85.66
North,Standard,Online,146.31
South,High-Value,Online,172.96
South,High-Value,Online,246.33
North,Standard,Online,111.41
South,High-Value,Mobile,221.38
West,Budget,In-Store,53.97
North,Standard,In-Store,120.2
North,Standard,In-Store,89.15
South,Standard,In-Store,86.35
East,High-Value,Online,200.59
South,Standard,Mobile,157.0
South,Standard,Mobile,142.59
North,Standard,Mobile,55.17
North,Standard,Mobile,139.01
East,Standard,In-Store,86.35
North,Standard,Mobile,104.39
East,Standard,In-Store,96.89
East,Standard,Mobile,64.98
South,Standard,In-Store,93.51
West,Budget,In-Store,27.17
North,Standard,In-Store,99.15
West,High-Value,Mobile,176.25
East,Budget,In-Store,46.78
East,Budget,Online,77.69
East,High-Value,Mobile,178.19
East,Standard,In-Store,152.03
East,Standard,Mobile,125.68
West,Standard,Online,123.93
East,Standard,In-Store,116.86
South,Standard,Mobile,74.8
South,High-Value,Online,199.62
South,Budget,Online,65.8
South,Standard,Online,108.26
South,Standard,In-Store,79.35
South,Budget,Online,42.84
West,Standard,In-Store,129.3
North,High-Value,Online,394.29
East,Budget,Online,50.49
East,Standard,Online,130.76
East,High-Value,In-Store,136.94
North,Budget,Mobile,75.15
North,High-Value,Mobile,246.83
South,Standard,Mobile,120.19
East,Standard,In-Store,67.1
South,Budget,In-Store,31.77
West,Budget,Online,57.02
North,High-Value,Online,249.36
North,Standard,In-Store,87.26
South,High-Value,In-Store,180.15
East,Standard,Mobile,76.35
North,Standard,In-Store,89.29
North,Standard,Online,171.66
West,Standard,In-Store,127.34
East,Standard,Mobile,94.12
North,Budget,Online,66.58
South,Standard,Online,68.73
West,Standard,Online,139.75
North,Budget,Mobile,36.16
North,Budget,In-Store,70.0
West,High-Value,Mobile,220.81
West,Standard,Online,99.52
West,Standard,Mobile,113.5
West,Standard,Online,103.13
East,Standard,Online,133.09
North,High-Value,Online,291.57
South,Standard,Online,107.29
South,Budget,Mobile,38.02
East,High-Value,Mobile,230.93
West,Budget,Online,21.71
West,Standard,In-Store,113.43
East,Standard,In-Store,56.44
South,Standard,In-Store,56.1
North,Standard,Online,81.4
West,Standard,Mobile,109.34
West,Budget,In-Store,48.13
South,Standard,Online,146.49
North,Standard,Online,147.81
South,Budget,Online,37.5
South,Standard,In-Store,72.51
North,High-Value,Mobile,207.97
West,Standard,Online,130.08
West,Standard,In-Store,117.63
North,Budget,Online,87.15
East,Standard,Online,134.85
South,Standard,In-Store,78.19
North,Standard,In-Store,127.17
North,Standard,In-Store,99.19
North,Standard,Mobile,145.67
North,High-Value,Online,259.89
East,High-Value,Online,259.11
West,Budget,Online,56.02
West,High-Value,In-Store,243.7
South,Budget,In-Store,43.74
North,Standard,In-Store,105.72
North,Budget,In-Store,44.63
South,Budget,Online,65.79
North,Standard,In-Store,114.34
East,Budget,In-Store,56.42
South,Standard,In-Store,59.91
East,Standard,Online,179.79
South,High-Value,In-Store,120.1
East,Standard,Mobile,165.98
North,Budget,In-Store,46.65
South,Standard,Mobile,140.79
North,High-Value,Online,238.43
North,High-Value,Mobile,166.03
East,Standard,In-Store,88.69
North,Standard,In-Store,95.34
East,Standard,Mobile,127.27
East,Standard,In-Store,107.23
North,Standard,In-Store,66.74
West,High-Value,Online,201.23
East,Standard,In-Store,99.89
East,High-Value,In-Store,173.54
West,Standard,Mobile,94.52
East,High-Value,Online,247.38
West,Budget,Online,48.33
West,Standard,Online,116.31
North,Standard,Online,89.94
South,Standard,Online,113.57
East,Budget,Online,68.38
East,High-Value,Mobile,211.62
South,High-Value,Mobile,244.55
West,Standard,Mobile,108.57
South,Standard,In-Store,63.25
South,High-Value,Online,129.74
North,Budget,Mobile,57.27
West,High-Value,In-Store,174.29
South,Standard,Online,167.89
North,Standard,Online,105.57
East,Standard,Mobile,84.57
North,Budget,Mobile,57.81
South,Standard,Online,117.22
West,Budget,Mobile,79.33
West,Budget,Online,63.25
East,Standard,In-Store,161.24
East,High-Value,Mobile,262.55
West,Standard,In-Store,49.95
North,High-Value,Online,366.75
West,High-Value,In-Store,99.47
North,Standard,Online,165.83
West,Budget,In-Store,42.57
North,Standard,Mobile,136.43
East,High-Value,Online,192.08
East,Budget,Online,63.89
South,Standard,Online,137.79
West,Standard,Online,166.1
West,Standard,Online,126.33
East,Standard,Online,148.13
West,High-Value,In-Store,129.04
North,Standard,Mobile,129.68
North,High-Value,Mobile,255.31
West,Standard,In-Store,93.13
East,Standard,Online,122.42
North,Budget,In-Store,46.62
North,Budget,Mobile,55.24
South,High-Value,In-Store,179.81
West,Standard,Online,118.09
North,High-Value,Online,234.3
West,High-Value,In-Store,189.84
South,Standard,Online,137.83
South,High-Value,Online,269.7
East,Budget,Mobile,39.74
West,Budget,Online,42.08
West,Standard,Online,115.99
North,Standard,Online,177.44
North,Budget,In-Store,33.79
West,Budget,Mobile,74.68
South,Budget,Mobile,62.75
North,Budget,Online,86.16
South,Budget,Mobile,27.91
North,Standard,Mobile,94.83
North,Budget,Mobile,21.43
East,Standard,Online,181.8
South,Standard,In-Store,82.18
North,Standard,Online,130.8
West,Standard,Online,125.81
East,Budget,Mobile,51.02
East,Budget,Mobile,55.47
West,Budget,Mobile,27.47
South,High-Value,Online,305.61
North,High-Value,Mobile,261.54
East,High-Value,Mobile,106.83
East,Budget,Mobile,56.01
North,Standard,In-Store,131.54
North,Budget,Mobile,74.13
West,Budget,Online,57.03
East,Budget,Mobile,56.2
West,High-Value,In-Store,237.0
North,Budget,Online,72.41
East,Standard,Mobile,97.53
South,Standard,Online,133.99
North,High-Value,Online,280.8
East,Budget,Mobile,37.15
East,High-Value,In-Store,181.53
West,Standard,In-Store,99.32
West,Standard,Online,136.52
West,High-Value,Online,194.0
East,Budget,Online,80.6
East,Standard,In-Store,142.75
North,Budget,Online,75.16
North,Standard,Online,114.8
East,Standard,Online,74.61
North,High-Value,In-Store,210.24
South,Standard,Online,100.1
East,Standard,Online,138.12
South,High-Value,Mobile,203.43
South,Standard,In-Store,80.54
East,High-Value,Mobile,194.43
South,Standard,Online,94.08
South,High-Value,Mobile,205.72
East,High-Value,Online,116.76
East,Standard,Mobile,87.04
West,Standard,In-Store,112.47
West,Standard,Online,99.47
West,Budget,In-Store,67.88
East,Standard,Online,88.47
West,High-Value,Mobile,299.45
North,Standard,Mobile,106.37
South,Budget,In-Store,47.74
West,Budget,Online,50.39
South,Standard,Online,108.83
West,Budget,In-Store,62.73
East,Standard,In-Store,107.88
West,Budget,Mobile,72.79
East,High-Value,Online,197.03
South,Standard,In-Store,81.14
East,High-Value,Online,280.67
East,High-Value,Mobile,255.2
South,Standard,In-Store,125.55
North,Budget,Online,45.86
South,Standard,In-Store,120.64
North,Budget,In-Store,66.82
West,Standard,In-Store,85.2
North,Budget,In-Store,41.91
West,Budget,Mobile,45.44
South,Standard,Online,112.39
West,Budget,Online,75.58
West,Standard,In-Store,136.33
West,Budget,Online,72.99
East,High-Value,Online,189.03
South,Standard,Online,140.02
South,High-Value,Mobile,160.94
East,Standard,Online,106.46
East,Budget,Mobile,58.64
East,Standard,Online,114.91
West,Budget,Online,65.05
West,Standard,In-Store,112.49
West,Standard,Mobile,111.37
East,Standard,Online,106.71
South,Standard,Mobile,115.21
South,High-Value,In-Store,136.55
South,Standard,In-Store,50.43
South,High-Value,Online,293.06
West,Standard,In-Store,92.03
West,Standard,Online,132.56
West,Budget,In-Store,17.0
East,Standard,In-Store,46.43
South,Standard,Online,32.35
North,Budget,In-Store,58.32
North,Standard,Mobile,158.72
West,Standard,In-Store,120.05
West,High-Value,Online,172.25
North,Standard,Mobile,116.99
East,Standard,Online,100.99
South,Budget,Online,60.64
South,Standard,Mobile,78.01
South,Budget,In-Store,47.38
West,Standard,Mobile,106.62
South,Standard,Online,123.44
North,Standard,In-Store,88.33
West,Standard,Online,114.29
South,Standard,Online,65.63
East,High-Value,Online,242.05
West,Standard,Mobile,93.54
North,Standard,In-Store,46.29
South,High-Value,Online,295.44
South,High-Value,Online,242.81
East,Standard,Online,103.1
East,Standard,Online,90.25
North,Budget,Online,83.63
South,Budget,In-Store,28.68
West,Standard,Mobile,159.36
South,High-Value,Mobile,234.81
North,Budget,Online,56.11
East,Standard,Online,90.91
North,Budget,Online,87.35
East,High-Value,Mobile,177.87
North,Standard,In-Store,68.34
South,Standard,In-Store,104.34
East,Standard,In-Store,118.45
East,Standard,In-Store,117.61
North,Budget,Online,94.32
North,High-Value,Online,276.81
East,Standard,In-Store,106.71
South,High-Value,In-Store,191.9
South,High-Value,In-Store,247.75
West,Budget,In-Store,50.9
East,Budget,Online,66.3
South,Standard,Mobile,91.81
North,High-Value,Online,320.54
South,Budget,Online,56.45
West,High-Value,Mobile,200.85
East,High-Value,Online,178.12
West,High-Value,Mobile,243.96
North,Standard,Mobile,111.6
West,Budget,In-Store,61.11
West,High-Value,In-Store,273.27
North,Standard,In-Store,120.3
West,Standard,Online,104.39
North,Standard,Mobile,134.16
West,High-Value,Mobile,254.94
North,Standard,Online,154.13
East,Standard,Mobile,74.98
West,Standard,Online,107.17
East,Budget,Online,52.83
South,Standard,Online,95.68
West,Standard,Mobile,147.53
North,Budget,Mobile,66.11
West,High-Value,In-Store,194.73
North,Standard,In-Store,164.48
South,Standard,In-Store,92.88
West,Standard,Online,93.42
South,Standard,Online,83.0
North,High-Value,In-Store,224.45
East,Standard,In-Store,98.99
West,Standard,Online,171.28
North,Standard,In-Store,78.55
East,Budget,Online,46.07
West,Standard,Online,165.15
South,Standard,In-Store,37.1
North,High-Value,Online,246.54
North,Standard,Online,80.37
West,Standard,In-Store,101.86
North,Standard,Mobile,70.52
West,Standard,Mobile,71.79
West,High-Value,In-Store,205.95
East,High-Value,Mobile,235.54
East,Budget,Online,42.46
East,Budget,Online,41.47
West,Standard,Online,153.73
West,Budget,Mobile,48.84
West,Standard,Online,206.19
South,Budget,In-Store,36.72
West,Budget,Mobile,79.64
East,Standard,In-Store,84.78
East,Budget,In-Store,57.02
West,Standard,In-Store,89.36
South,Standard,In-Store,95.01
East,Standard,In-Store,100.03
West,Budget,In-Store,37.48
North,High-Value,In-Store,218.42
North,Standard,Online,184.26
West,Standard,Online,126.18
West,High-Value,Mobile,209.2
East,Budget,In-Store,35.78
West,Budget,Online,57.77
East,Budget,Online,107.31
South,Standard,Online,93.1
South,Standard,Mobile,131.91
West,Budget,In-Store,27.81
West,Standard,In-Store,104.47
South,High-Value,In-Store,83.9
North,High-Value,In-Store,167.97
East,High-Value,In-Store,206.55
South,Standard,In-Store,92.45
South,High-Value,Mobile,218.55
East,Standard,In-Store,70.98
West,Standard,Online,112.92
North,High-Value,In-Store,155.55
North,Standard,Online,152.64
South,Standard,Online,114.58
West,Budget,Mobile,34.79
North,Standard,In-Store,127.17
East,Budget,In-Store,34.49
South,Budget,Mobile,35.82
South,Budget,Mobile,62.13
South,Budget,In-Store,69.14
North,Standard,Mobile,132.3
North,Budget,In-Store,54.96
East,Budget,Mobile,52.77
South,High-Value,In-Store,143.64
West,Standard,Mobile,38.18
East,High-Value,In-Store,172.43
North,Budget,In-Store,55.04
East,Standard,Online,87.73
South,High-Value,In-Store,202.21
East,Standard,In-Store,91.12
East,High-Value,Mobile,154.29
North,Budget,Online,94.85
South,Standard,In-Store,104.32
South,Standard,Online,74.55
East,Budget,Online,80.35
East,Budget,Mobile,50.53
West,Standard,In-Store,71.86
North,High-Value,In-Store,104.63
South,Budget,Mobile,41.49
South,Standard,In-Store,72.88
North,Budget,Online,65.08
North,Budget,Mobile,81.67
West,Standard,In-Store,50.42
South,High-Value,Online,219.95
South,High-Value,In-Store,131.94
North,Standard,Mobile,102.44
East,Standard,In-Store,112.43
East,Standard,Online,117.34
North,Standard,In-Store,100.06
South,Budget,Online,53.26
South,Standard,Online,55.89
East,High-Value,In-Store,218.84
North,Standard,Online,77.27
West,High-Value,Online,311.55
North,Standard,In-Store,102.44
East,Budget,In-Store,5.0
South,Budget,Online,40.16
North,Budget,In-Store,45.27
East,Standard,In-Store,114.32
East,Budget,Mobile,45.35
East,Standard,Online,108.13
West,Standard,Mobile,107.45
South,Standard,In-Store,61.03
North,Standard,Online,151.33
South,Standard,In-Store,130.45
North,Budget,Online,59.11
West,Budget,Online,41.02
East,High-Value,In-Store,145.27
West,Standard,Online,160.34
West,Standard,Online,150.53
South,Standard,In-Store,67.26
North,High-Value,Online,241.42
North,Standard,In-Store,85.62
North,Standard,Mobile,109.35
South,Standard,Online,81.9
West,High-Value,Online,225.25
East,High-Value,In-Store,170.49
North,Standard,Online,175.11
East,High-Value,In-Store,167.37
East,Standard,Online,30.55
West,High-Value,Mobile,263.95
East,Budget,Mobile,62.1
South,Budget,Online,79.84
South,Standard,Online,103.72
North,Budget,In-Store,54.19
South,High-Value,Online,165.74
North,Budget,In-Store,52.6
